{
  "name" : "Start Bootstrap",
  "meta" : "start-bootstrap",
  "version" : "1.0",
  "preview_image" : "",
  "author" : {
    "name" : "Markie Arnold",
    "website" : "http://simplylaunch.com"
  },
  "marketplace" : {
    "id" : 1001,
    "premium" : false,
    "free" : true,
    "price" : 0,
    "listing" : {
      "link" : "",
      "image" : ""
    },
    "tags" : [
      "one-page"
    ]
  },
  "settings" : {},
  "assets" : {
    "css" : [
      {
        "relative" : true,
        "link" : "vendor/bootstrap/css/bootstrap.min.css"
      },
      {
        "relative" : true,
        "link" : "vendor/font-awesome/css/font-awesome.min.css"
      },
      {
        "relative" : false,
        "link" : "https://fonts.googleapis.com/css?family=Montserrat:400,700"
      },
      {
        "relative" : false,
        "link" : "https://fonts.googleapis.com/css?family=Kaushan+Script"
      },
      {
        "relative" : false,
        "link" : "https://fonts.googleapis.com/css?family=Droid+Serif:400,700,400italic,700italic"
      },
      {
        "relative" : false,
        "link" : "https://fonts.googleapis.com/css?family=Roboto+Slab:400,100,300,700"
      },
      {
        "relative" : true,
        "link" : "css/agency.min.css"
      }
    ],
    "js" : [
      {
        "relative" : true,
        "requiredInHead" : false,
        "link" : "vendor/jquery/jquery.min.js"
      },
      {
        "relative" : true,
        "requiredInHead" : false,
        "link" : "vendor/bootstrap/js/bootstrap.min.js"
      },
      {
        "relative" : false,
        "requiredInHead" : false,
        "link" : "https://cdnjs.cloudflare.com/ajax/libs/jquery-easing/1.3/jquery.easing.min.js"
      },
      {
        "relative" : true,
        "requiredInHead" : false,
        "link" : "js/jqBootstrapValidation.js"
      },
      {
        "relative" : true,
        "requiredInHead" : false,
        "link" : "js/contact_me.js"
      },
      {
        "relative" : true,
        "requiredInHead" : false,
        "link" : "js/agency.min.js"
      }
    ]
  },
  "blocks" : [
    {
      "name" : "Header",
      "type" : "header",
      "order" : 1,
      "preview_image" : "header.jpg",
      "content" : {
        "title" : "Welcome To Our Studio!",
        "subtitle" : "It's Nice To Meet You",
        "link" : {
          "text" : "Tell Me More",
          "type" : "anchor",
          "value" : "#services"
        }
      },
      "block_settings" : [
        {
          "group" : "Appearance",
          "settings" : [
            {
              "id" : "text_color",
              "label" : "Text",
              "type" : "color",
              "placeholder" : "",
              "value" : "#ffffff",
              "required" : false
            },
            {
              "id" : "btn_text_color",
              "label" : "Button Text",
              "type" : "color",
              "placeholder" : "",
              "value" : "#ffffff",
              "required" : false
            },
            {
              "id" : "btn_bg_color",
              "label" : "Button Background",
              "type" : "color",
              "placeholder" : "",
              "value" : "#fed136",
              "required" : false
            },
            {
              "id" : "btn_show",
              "label" : "Show Button",
              "type" : "checkbox",
              "placeholder" : "",
              "value" : true,
              "required" : false
            }
          ]
        },
        {
          "group" : "Images",
          "settings" : [
            {
              "id" : "bg_image",
              "label" : "Background Image",
              "type" : "image",
              "placeholder" : "",
              "value" : "https://images.unsplash.com/photo-1468853692559-fc594e932a2d?dpr=2&auto=format&fit=crop&w=1500&h=2250&q=80&cs=tinysrgb&crop=",
              "required" : false
            }
          ]
        }
      ]
    }
  ],
  "menus" : [
    {
      "name" : "primary",
      "items" : [
        {
          "text" : "Home",
          "type" : "anchor",
          "value" : "#home"
        }
      ]
    }
  ],
  "forms" : [
    {
      "name" : "contact",
      "items" : [
        {
          "type" : "text",
          "placeholder" : "Name",
          "value" : "",
          "required" : false
        }
      ]
    }
  ]
}
